idx,key,question,question_type,context,objects,r3_answer,r3_score,best_method,best_answer,best_score,delta,r3_caption_answer,r3_caption_score,answer_first_locked_no_caption_answer,answer_first_locked_no_caption_score,review_empty_context_answer,review_empty_context_score,no_cot_rounds1_answer,no_cot_rounds1_score,r3_no_caption_answer,r3_no_caption_score,keep_revise_answer,keep_revise_score,visible_only_answer,visible_only_score,reviewer_caption_only_answer,reviewer_caption_only_score
3,329542<->2C8riXpRLX3CyM5jDz23m7,What is the white substance on top of the cupcakes?,object_what,a person is taking a picture of some cupcakes.,"icing,frosting,cream",cream,0.3,answer_first_locked_no_caption,frosting,0.8999999999999999,0.5999999999999999,cream,0.3,frosting,0.8999999999999999,cream,0.3,cream,0.3,cream,0.3,cream,0.3,cream,0.3,cream,0.3
4,182202<->2DQex53EkNGH2cfo3WPuPn,What type of device is sitting next to the laptop?,spatial_location,a laptop computer sitting on top of a table.,"phone,laptop,table",cell phone,0.6,answer_first_locked_no_caption,phone,1.0,0.4,cell phone,0.6,phone,1.0,phone,1.0,phone,1.0,phone,1.0,phone,1.0,cell phone,0.6,phone,1.0
8,341196<->2P5mVJc5a6DcCN9opV92FJ,What is the person on the left doing with their body?,spatial_location,a man riding a wave on top of a surfboard.,"surfer,wetsuit,board",crouching,0.6,answer_first_locked_no_caption,surfing,1.0,0.4,crouching,0.6,surfing,1.0,crouching,0.6,crouching,0.6,crouching,0.6,riding wave,0.0,crouching,0.6,surfing,1.0
10,71711<->2RN4dwhRZR3ZSKHtRnJdX3,What country do these planes belong to?,object_what,a group of people standing next to a plane in a hangar.,"flag,banner,person",usa,0.6,answer_first_locked_no_caption,United States,1.0,0.4,usa,0.6,United States,1.0,usa,0.6,usa,0.6,usa,0.6,usa,0.6,usa,0.6,usa,0.6
19,180878<->2xDeTCXSRqdhvREBDhHsMx,What is the outside of the cake made of?,object_what,a birthday cake with a car and a cell phone on it.,"cake,bag,case",frost,0.0,answer_first_locked_no_caption,frosting,0.3,0.3,frost,0.0,frosting,0.3,frost,0.0,frost,0.0,frost,0.0,frost,0.0,frost,0.0,frost,0.0
34,547816<->3qnvp3XRGpc5L6RMhRZ3gg,The visible bottles most likely contain what kind of items?,category_type,a bathroom with a shower curtain and a toilet.,"bottle,countertop,bathtub",shampoo and conditioner,0.0,review_empty_context,shampoo,1.0,1.0,shampoo and conditioner,0.0,shower products,0.0,shampoo,1.0,shampoo and conditioner,0.0,shampoo and conditioner,0.0,shampoo and conditioner,0.0,shampoo,1.0,shampoo and conditioner,0.0
36,485480<->3w3DT989GgT6yjqurjvmt6,What is the batter most likely preparing to do here?,object_what,a baseball player swinging a bat on top of a field.,"bat,hand,glove",hit ball,0.0,answer_first_locked_no_caption,swing,0.6,0.6,hit ball,0.0,swing,0.6,hit ball,0.0,hit ball,0.0,hit ball,0.0,hit ball,0.0,hit ball,0.0,hit ball,0.0
38,286994<->455nQuaxbURN5ofLfbCqfq,What kind of terrain is it?,category_type,a herd of elephants walking across a dry grass field.,"elephant,water,bush",grassland,0.0,answer_first_locked_no_caption,savanna,0.6,0.6,grassland,0.0,savanna,0.6,grassland,0.0,grass field,0.0,savannah,0.0,dry grass field,0.0,grassland,0.0,grassland,0.0
43,153632<->4FBqxbmT4zCDwWzm3gH7LY,Which food item is the knife for?,other,a plate of food on a table with a knife and fork.,"mushroom,food,meat",food,0.0,r3_no_caption,meat,1.0,1.0,food,0.0,food,0.0,food,0.0,food,0.0,meat,1.0,food,0.0,food,0.0,food,0.0
44,217285<->4H7KMfvPvCTSvtf8Uyp55D,What is the orange container on the left near the man in the red shirt used for?,purpose_reason,a baseball player holding a bat on top of a field.,"cooler,dugout,man",cooling,0.0,answer_first_locked_no_caption,cooler,1.0,1.0,cooling,0.0,cooler,1.0,cooling,0.0,cooling,0.0,cooling,0.0,cooling,0.0,cooling,0.0,cooling,0.0
51,176799<->4cdYbJFFeKXJr6LbKgcxTa,In what type of environment are they most likely riding skateboards?,action_state,a man flying through the air while riding a skateboard.,"man,stair,graffiti",skate park,0.3,answer_first_locked_no_caption,urban,0.8999999999999999,0.5999999999999999,skate park,0.3,urban,0.8999999999999999,skate park,0.3,skate park,0.3,urban,0.8999999999999999,skate park,0.3,park,0.0,skate park,0.3
61,50896<->4yq3AnREQ4PP7MXMWvBb5a,What festive season are these fruits usually ingested?,object_what,a bowl filled with oranges on top of a table.,"tangerine,orange,bowl",holiday,0.0,answer_first_locked_no_caption,christmas,1.0,1.0,holiday,0.0,christmas,1.0,christmas,1.0,halloween,0.0,holiday,0.0,holiday,0.0,christmas,1.0,holiday,0.0
68,433204<->5SgmGLJtR47rB539V4Jwt6,Why are the men wearing yellow vests?,purpose_reason,a man riding a motorcycle past a group of people.,"vest,person,house",work,0.0,answer_first_locked_no_caption,safety,1.0,1.0,work,0.0,safety,1.0,work,0.0,work,0.0,work,0.0,work,0.0,work,0.0,work,0.0
70,216497<->5XBmJitjSm9g7SQqNxYpe7,What is the object in the middle called?,object_what,a kitchen with a white counter top next to a stove top oven.,"sink,countertop,chair",counter,0.0,answer_first_locked_no_caption,island,1.0,1.0,counter,0.0,island,1.0,counter,0.0,counter,0.0,island,1.0,counter,0.0,counter,0.0,counter,0.0
71,574702<->5Y5u3gnReRQbzkRnGw5ywd,What is the gray street made up of?,object_what,a street filled with lots of parked motorcycles.,"tire,bike,person",brick,0.3,r3_no_caption,stone,0.6,0.3,brick,0.3,bricks,0.3,brick,0.3,brick,0.3,stone,0.6,brick,0.3,brick,0.3,brick,0.3
73,277689<->5aXXZiPUcUzScs2do5tjYs,How was the cake decorated?,other,a wedding cake with red flowers and a glass of wine.,"cake,rose,layer",red flowers,0.0,answer_first_locked_no_caption,flowers,0.3,0.3,red flowers,0.0,flowers,0.3,red flowers,0.0,red flowers,0.0,flowers,0.3,red flowers,0.0,red flowers,0.0,red flowers,0.0
75,386352<->5fDUuYWCZMudfXVEPywFYc,Who has the same color hair as this woman?,color,a woman holding a tennis racquet on top of a tennis court.,"woman,person,man",man,0.0,review_empty_context,no one,0.6,0.6,man,0.0,man,0.0,no one,0.6,no one,0.6,man,0.0,no one,0.6,no one,0.6,no one,0.6
81,455157<->64o6jMUzFmawogFAYnhNoh,What pattern are the man's pants?,object_what,a man sitting on a bench with an umbrella.,"pant,shirt,shoe",camouflage,0.6,r3_no_caption,camo,1.0,0.4,camouflage,0.6,camouflage,0.6,camouflage,0.6,camouflage,0.6,camo,1.0,camo,1.0,camouflage,0.6,camouflage,0.6
90,41872<->6Ps8BgA4pbvK4eKToCDQqu,What seems to be contained in the nook underneath the TV?,object_what,a bed room with a bed a tv and a fire place,"fireplace,television,blind",tv,0.0,answer_first_locked_no_caption,fireplace,1.0,1.0,tv,0.0,fireplace,1.0,fireplace,1.0,fireplace,1.0,fireplace,1.0,fireplace,1.0,tv,0.0,fireplace,1.0
97,77396<->6kgVidVJRysLz6Rx3eNBZi,Where are these cats located?,spatial_location,two cats playing on the floor in front of a television.,"cat,floor,carpet",floor,0.3,answer_first_locked_no_caption,living room,1.0,0.7,floor,0.3,living room,1.0,floor,0.3,floor,0.3,living room,1.0,floor,0.3,floor,0.3,floor,0.3
101,560474<->6ony7mfRzE7tEhj5udEe5u,What type of event might this be?,category_type,a car with a bunch of toothbrushes on it,"car,doll,person",fair,0.0,answer_first_locked_no_caption,festival,0.6,0.6,fair,0.0,festival,0.6,car show,0.0,car show,0.0,fair,0.0,fair,0.0,fair,0.0,car show,0.0
104,87144<->6phsfhJ9iw5j6nYTpVBd9A,In which way are the adults shown here likely related to the child?,other,a man and a woman sitting on a bench with a baby.,"man,woman,girl",parent,0.0,no_cot_rounds1,parents,1.0,1.0,parent,0.0,parent-child,0.0,parent,0.0,parents,1.0,parent,0.0,parent,0.0,parent,0.0,parent,0.0
108,259640<->73kd5sUo4zXkApi6v4X8Qc,What type of cuisine would be purchased here?,category_type,a woman riding a bike past a food truck.,"woman,person,bicycle",tamales,0.6,answer_first_locked_no_caption,Mexican,1.0,0.4,tamales,0.6,Mexican,1.0,tamales,0.6,tamales,0.6,tamales,0.6,mexican,1.0,mexican,1.0,tamales,0.6
111,148957<->767TWXi3wYjFiBX3YXyMuU,What kind of coating has been used?,category_type,a box of six donuts with different toppings.,"donut,chocolate,hole",chocolate and glaze,0.0,answer_first_locked_no_caption,chocolate,0.6,0.6,chocolate and glaze,0.0,chocolate,0.6,chocolate,0.6,glaze,0.0,chocolate,0.6,varied,0.0,glaze,0.0,glaze,0.0
115,313783<->7DWnTRkU9e86XMwb7QqxYd,This meal was likely prepared using which method?,other,a piece of meat and some vegetables on a plate.,"meat,vegetable,food",grilled,0.3,answer_first_locked_no_caption,grilling,1.0,0.7,grilled,0.3,grilling,1.0,grilled,0.3,grilled,0.3,grilled,0.3,grilled,0.3,grilled,0.3,grilled,0.3
116,403817<->7Hndh7JzZ7BizC4XDSV5Z5,The cat appears to be what type?,category_type,a cat sitting in front of a laptop computer.,"cat,collar,laptop",black and white,0.0,keep_revise,domestic,0.3,0.3,black and white,0.0,black and white,0.0,black and white,0.0,black and white,0.0,black and white,0.0,domestic,0.3,black and white,0.0,black and white,0.0
121,132375<->7NxakvvZZEHKsh8MbNHHvz,What type of container is the straw sticking out of?,category_type,a vase with flowers and a drink on a table.,"jar,vase,petal",jar,0.6,review_empty_context,mason jar,0.8999999999999999,0.29999999999999993,jar,0.6,jar,0.6,mason jar,0.8999999999999999,mason jar,0.8999999999999999,jar,0.6,jar,0.6,jar,0.6,jar,0.6
128,79229<->7dxcZiZowsAK34QswVhXy3,The temperature outside is likely what range?,other,a man riding on the back of a white horse next to a dog.,"man,hat,jacket",cool,0.0,answer_first_locked_no_caption,cold,1.0,1.0,cool,0.0,cold,1.0,cool,0.0,cold,1.0,cool,0.0,cool,0.0,cool,0.0,cold,1.0
133,495054<->82bLyanbdDeEq6mkVa3YGM,What country headquarters this plane company?,object_what,a large passenger jet sitting on top of an airport tarmac.,"tail,logo,airport",uk,0.3,answer_first_locked_no_caption,united kingdom,0.6,0.3,uk,0.3,united kingdom,0.6,uk,0.3,uk,0.3,uk,0.3,united kingdom,0.6,uk,0.3,uk,0.3
140,84752<->8LVHUcGX7daYbXPh59c8pW,What vehicle is shown in the photo?,object_what,a fighter jet sitting on top of a runway.,"airplane,wing,tail",jet,0.3,answer_first_locked_no_caption,airplane,0.8999999999999999,0.5999999999999999,jet,0.3,airplane,0.8999999999999999,jet,0.3,jet,0.3,airplane,0.8999999999999999,jet,0.3,jet,0.3,jet,0.3
153,378453<->8qqTsLQFXdEDT9oeVgZekp,What are some of the zebras standing in in the middle of the photo?,object_what,a herd of zebras drinking water from a watering hole.,"zebra,water,shadow",mud,0.6,keep_revise,water,0.8999999999999999,0.29999999999999993,mud,0.6,mud,0.6,mud,0.6,mud,0.6,mud,0.6,water,0.8999999999999999,water,0.8999999999999999,water,0.8999999999999999
156,228942<->8uQHFZsgJwvQPuvYs7reMA,What is the dark colored car to the far left in the middle doing?,color,a car driving down a street at night.,"bus,person,man",moving,0.3,no_cot_rounds1,driving,0.6,0.3,moving,0.3,moving,0.3,moving,0.3,driving,0.6,moving,0.3,driving,0.6,driving,0.6,driving,0.6
162,87476<->92HRqF8nimMzat2iydhLAj,When it comes to the child what is he or she doing?,action_state,a man and a little boy on a skateboard.,"boy,skateboard,pant",skating,0.3,answer_first_locked_no_caption,skateboarding,0.8999999999999999,0.5999999999999999,skating,0.3,skateboarding,0.8999999999999999,skating,0.3,skateboarding,0.8999999999999999,skateboarding,0.8999999999999999,skateboarding,0.8999999999999999,skating,0.3,skateboarding,0.8999999999999999
174,407083<->9TJtRYnGa8xr8CF67M5Mof,What other animal is this animal traditionally an enemy of?,object_what,a man sitting in the back of a car with a dog.,"fish,neck,roof",rat,0.0,answer_first_locked_no_caption,cat,1.0,1.0,rat,0.0,cat,1.0,rat,0.0,cat,1.0,cat,1.0,cat,1.0,rat,0.0,cat,1.0
188,20571<->9zfgVSEG4hrKHfuoe4tHqx,Why does the couple standing in the boat?,purpose_reason,a boat that is sitting in the water.,"person,mast,pole",fish,0.0,answer_first_locked_no_caption,fishing,0.6,0.6,fish,0.0,fishing,0.6,fish,0.0,fish,0.0,fish,0.0,fish,0.0,fish,0.0,not enough info,0.0
189,236599<->A2uU9gQWJp8Z3LJePdL9u8,What cultural clothing are the women wearing?,action_state,a group of people flying kites over a lush green field.,"person,tail,flag",traditional,0.0,review_empty_context,kimono,0.6,0.6,traditional,0.0,traditional,0.0,kimono,0.6,traditional,0.0,kimono,0.6,kimono,0.6,traditional,0.0,kimono,0.6
193,183049<->A9Pk4Az2eRMuSEgB8GnUBU,The top shelf has many books of the same author of what genre?,other,a book shelf filled with lots of books.,"book,shelf,wall",fiction,0.0,answer_first_locked_no_caption,mystery,0.3,0.3,fiction,0.0,mystery,0.3,nonfiction,0.0,nonfiction,0.0,fiction,0.0,nonfiction,0.0,fiction,0.0,nonfiction,0.0
198,476215<->AJvjHZ5SF3hD6C3eYniXsc,What are the horses being used for?,purpose_reason,a man standing next to two horses on a dirt field.,"horse,man,ground",plow,0.0,answer_first_locked_no_caption,plowing,1.0,1.0,plow,0.0,plowing,1.0,plow,0.0,plow,0.0,plow,0.0,plow,0.0,plow,0.0,plow,0.0
206,79969<->AhrmUB8LFNXLkpiLGaaAuY,Why is his arm up in the air?,purpose_reason,a tennis player jumping up to hit a ball,"ball,man,woman",hitting ball,0.3,answer_first_locked_no_caption,serving,0.6,0.3,hitting ball,0.3,serving,0.6,hitting ball,0.3,hitting ball,0.3,serve,0.0,hit ball,0.3,hitting ball,0.3,hitting ball,0.3
223,280930<->BUpdAEWaMUZK8AKRzy3vBQ,Who might be helping the girl?,other,a little girl standing in front of an oven.,"girl,hand,tray",mother,0.3,no_cot_rounds1,mom,0.6,0.3,mother,0.3,no one,0.0,mother,0.3,mom,0.6,mother,0.3,mom,0.6,mother,0.3,no one,0.0
232,391722<->BuWxzrpFRXqSj8UjZannxM,What indicates a baby is present?,object_what,a man holding a birthday cake with lit candles.,"cup,straw,curtain",sippy cup,0.6,answer_first_locked_no_caption,pacifier,1.0,0.4,sippy cup,0.6,pacifier,1.0,sippy cup,0.6,sippy cup,0.6,sippy cup,0.6,sippy cup,0.6,sippy cup,0.6,sippy cup,0.6
251,232692<->ChoLNyVYCocjeYqDJQYMoe,What is the name of the sport the man is participating in?,object_what,a man is water skiing on a lake.,"man,rope,hand",water ski,0.0,answer_first_locked_no_caption,water skiing,0.3,0.3,water ski,0.0,water skiing,0.3,water ski,0.0,water skiing,0.3,water ski,0.0,water skiing,0.3,water skiing,0.3,water ski,0.0
263,17627<->DC3qACi5rhmWU8XzM5Vdvy,Which car hold the most people?,other,a group of cars parked in a parking lot.,"car,woman,windshield",bus,0.3,answer_first_locked_no_caption,van,1.0,0.7,bus,0.3,van,1.0,bus,0.3,bus,0.3,bus,0.3,minivan,0.0,bus,0.3,bus,0.3
271,398377<->DTAw9Vu8CLWbzUAg6m8okx,What is on the laps of each of the women?,object_what,a group of women sitting on a couch.,"purse,book,jacket",handbag,0.3,answer_first_locked_no_caption,bags,0.6,0.3,handbag,0.3,bags,0.6,bag,0.6,handbag,0.3,purse,0.6,handbag,0.3,handbag,0.3,handbag,0.3
276,289594<->DcKwtSxfdjTch9RvAuEpNH,What type of buildings are located here?,spatial_location,a man standing on a sidewalk next to a street sign.,"building,car,sidewalk",house,0.0,answer_first_locked_no_caption,houses,1.0,1.0,house,0.0,houses,1.0,houses,1.0,houses,1.0,houses,1.0,houses,1.0,houses,1.0,house,0.0
280,455267<->DwKTiqQxFH5Ei2cQGR3Y9U,What is this dish being cooked in?,object_what,a pan filled with meat and broccoli on top of a table.,"pan,pot,stove",pan,0.3,answer_first_locked_no_caption,wok,1.0,0.7,pan,0.3,wok,1.0,pan,0.3,pan,0.3,wok,1.0,pan,0.3,pan,0.3,pan,0.3
283,450303<->E2Vuut5upXHFFVxEk8kHvM,The people on laptops seem most likely to be part of what group?,other,a group of people sitting at a table with laptops.,"laptop,person,man",student,0.0,answer_first_locked_no_caption,students,0.6,0.6,student,0.0,students,0.6,student,0.0,student,0.0,student,0.0,student,0.0,student,0.0,student,0.0
288,170670<->E9Tea7kyCg7eW4bPeT5W83,The glasses contain only this beverage type?,other,a table topped with plates and bowls of food.,"glass,cup,bottle",uncertain,0.0,answer_first_locked_no_caption,beer,1.0,1.0,uncertain,0.0,beer,1.0,beer,1.0,beer,1.0,beer,1.0,not all beer,0.0,beer,1.0,beer,1.0
291,292082<->EAYTJseBUauGLMkCTZdhtU,Whos is sitting in the chair?,other,a man and a child sitting next to each other.,"man,girl,chair",man and child,0.0,r3_no_caption,man,1.0,1.0,man and child,0.0,man and girl,0.0,man and child,0.0,man and child,0.0,man,1.0,man and child,0.0,man and child,0.0,man and child,0.0
294,523782<->EER9xudvx7aG37Zbaewxkw,What brand of soda is the can in the car?,object_what,a red bird sitting on the mirror of a silver truck.,"car,window,handle",uncertain,0.0,answer_first_locked_no_caption,pepsi,1.0,1.0,uncertain,0.0,pepsi,1.0,dr pepper,0.0,coca cola,0.0,coca cola,0.0,unknown,0.0,coca-cola,0.0,coca cola,0.0
296,463802<->EJ5nAfveNYp6rFYz46Dqkw,What is the stuffed animal touching instead of the tennis player?,object_what,a man is holding a tennis racket next to a stuffed animal.,"ear,hat,wristband",wall,0.0,visible_only,racket,0.3,0.3,wall,0.0,wall,0.0,wall,0.0,wall,0.0,wall,0.0,wall,0.0,racket,0.3,wall,0.0
301,375278<->Ed662HvZeisV6Mzxs2S6bj,The bag which the cat is standing is used for what?,purpose_reason,a person is petting a black cat in a suitcase.,"suitcase,strap,floor",carry,0.0,answer_first_locked_no_caption,travel,1.0,1.0,carry,0.0,travel,1.0,travel,1.0,travel,1.0,carry,0.0,travel,1.0,travel,1.0,travel,1.0
306,26204<->EpwwuobLzGLWhnbXAjbw2x,What does the electric street sign say?,text_ocr,a city street filled with traffic and tall buildings.,"sign,woman,man",spokane fall & 6th,0.0,r3_no_caption,stop,0.3,0.3,spokane fall & 6th,0.0,SPokane Falls Blvd,0.0,spokane fall st,0.0,spokane fall & 6th,0.0,stop,0.3,spokane fall & 6th,0.0,spokane fall & 6th,0.0,spokane fall & 6th,0.0
308,73946<->EtRReER5fXmbnTmQTzM7Di,In what type of location are they playing with the body board?,action_state,a couple of men standing next to a surfboard with a shark on it.,"board,tank top,wall",indoor,0.0,review_empty_context,indoors,0.8999999999999999,0.8999999999999999,indoor,0.0,indoor,0.0,indoors,0.8999999999999999,room,0.8999999999999999,indoor,0.0,indoors,0.8999999999999999,indoors,0.8999999999999999,room,0.8999999999999999
313,489014<->F5CqqWCtosWowj39Kchh9E,What type of dog is it?,category_type,a dog on a boat in the water.,"dog,sail,railing",labrador,0.0,answer_first_locked_no_caption,german shepherd,1.0,1.0,labrador,0.0,german shepherd,1.0,labrador,0.0,labrador,0.0,dog,0.0,german shepherd,1.0,labrador,0.0,labrador,0.0
319,457078<->FFhuFfMAy38Z7WWr6q7faA,What family member in a household would this room most likely belong to?,object_what,a living room with a large poster on the wall.,"television,screen,picture",adult,0.0,keep_revise,child,1.0,1.0,adult,0.0,teenager,0.0,adult,0.0,teenager,0.0,teenager,0.0,child,1.0,teenager,0.0,adult,0.0
321,189820<->FG6kmHCaikmwGGpw9RhpSD,Who would sit here?,other,a chair sitting in front of a desk with a computer on it.,"chair,monitor,desk",person,0.0,no_cot_rounds1,employee,0.8999999999999999,0.8999999999999999,person,0.0,person,0.0,person,0.0,employee,0.8999999999999999,employee,0.8999999999999999,person,0.0,person,0.0,person,0.0
323,480021<->FHq2UjmQmmZbCvD4wDJwjH,The piece of clothing the woman in the picture is wearing on her hands normally serves what purpose?,purpose_reason,a man riding on the back of a motorcycle next to two men.,"woman,coat,short",protect,0.0,answer_first_locked_no_caption,protection,1.0,1.0,protect,0.0,protection,1.0,protect,0.0,protect,0.0,protect,0.0,protect,0.0,protect,0.0,protect,0.0
325,220732<->FQuJEPNnrznkjkvyN4UbUR,What police force does the police car behind the truck belong to probably?,spatial_location,a bus and a truck on a city street.,"truck,flag,woman",new york,0.3,answer_first_locked_no_caption,NYPD,0.6,0.3,new york,0.3,NYPD,0.6,new york,0.3,new york,0.3,new york,0.3,new york,0.3,new york,0.3,new york,0.3
330,448256<->FddDsTHeVp9WJYZBjLoKUi,What sort of surface/substance does the conveyance with a problem here move upon?,object_what,a couple of men standing next to a truck.,"car,boat,road",asphalt,0.0,keep_revise,road,0.3,0.3,asphalt,0.0,asphalt,0.0,asphalt,0.0,asphalt,0.0,asphalt,0.0,road,0.3,asphalt,0.0,asphalt,0.0
337,189806<->FtGwEGsss4Cqe38LrFBgj3,Where is this cat located?,spatial_location,a cat and a dog are in a living room.,"cat,floor,room",living room,0.3,answer_first_locked_no_caption,floor,1.0,0.7,living room,0.3,floor,1.0,living room,0.3,living room,0.3,floor,1.0,living room,0.3,living room,0.3,floor,1.0
339,551350<->Fv2hy4qfFdd847B3xEcPz3,What type of terrain is beyond the table and grill?,category_type,a picnic table under a tree in a park.,"park,dirt,leaf",gravel,0.0,answer_first_locked_no_caption,dirt,0.8999999999999999,0.8999999999999999,gravel,0.0,dirt,0.8999999999999999,gravel,0.0,gravel,0.0,grass,0.8999999999999999,gravel,0.0,gravel,0.0,gravel,0.0
349,490936<->GYERWEzeTRB8TqAZXguSbG,What is the gray thing on the nearest motorcycle for?,spatial_location,a motorcycle that has been covered with a tarp.,"tarp,motorcycle,wheel",cover,0.3,answer_first_locked_no_caption,protection,0.8999999999999999,0.5999999999999999,cover,0.3,protection,0.8999999999999999,cover,0.3,cover,0.3,cover,0.3,cover,0.3,cover,0.3,cover,0.3
350,556193<->GaMNX53oAdZUoytgminHKh,Which color of clothing is unique to just one of the two people here?,color,a couple of men standing in front of a tv.,"sweater,jean,pant",black,0.0,answer_first_locked_no_caption,blue,0.6,0.6,black,0.0,blue,0.6,black,0.0,black,0.0,black,0.0,black,0.0,black,0.0,black,0.0
355,11511<->GkrGRjhVED6WinovPED8iZ,What is sitting on the bench?,object_what,a statue of two children sitting on a bench.,"statue,woman,man",statue,0.8999999999999999,answer_first_locked_no_caption,statues,1.0,0.10000000000000009,statue,0.8999999999999999,statues,1.0,statue,0.8999999999999999,statue,0.8999999999999999,statues,1.0,statue,0.8999999999999999,statue,0.8999999999999999,statue,0.8999999999999999
358,280918<->Gr2guph9meudkWEM6Gbpwr,What energy is used to cook the turkey?,object_what,two women are taking a turkey out of the oven.,"stove,oven,burner",electric,0.3,keep_revise,gas,1.0,0.7,electric,0.3,electric,0.3,electric,0.3,electricity,0.3,electric,0.3,gas,1.0,electric,0.3,electric,0.3
368,343149<->H7Pz5njX8cDqfXoLU546ym,What city is this shopping center in?,object_what,a clock on a building on a city street,"building,sign,man",merrywalks,0.3,answer_first_locked_no_caption,London,1.0,0.7,merrywalks,0.3,London,1.0,merrywalks,0.3,merrywalks,0.3,marywalks,0.0,merrywalks,0.3,merrywalks,0.3,merrywalks,0.3
371,281929<->H8KBdToKYoc2D9GPVE6mds,What kind of hat is the man wearing?,action_state,a man in a suit and hat holding a bicycle.,"hat,man,bicycle",fedora,0.0,answer_first_locked_no_caption,cap,0.8999999999999999,0.8999999999999999,fedora,0.0,cap,0.8999999999999999,cap,0.8999999999999999,cap,0.8999999999999999,cap,0.8999999999999999,cap,0.8999999999999999,fedora,0.0,cap,0.8999999999999999
378,350003<->HM4obw9fQyb3aPheZjgtqq,Why is the person's vest yellow?,purpose_reason,a fire truck is driving down the street.,"person,fire truck,man",safety,0.0,r3_no_caption,visibility,1.0,1.0,safety,0.0,safety,0.0,safety,0.0,safety,0.0,visibility,1.0,safety,0.0,safety,0.0,safety,0.0
379,353180<->HMuwvp694v2XuNGWtSht8h,What number is closest to the number of people that are pushing the bus?,count,a group of people standing in front of a bus.,"person,man,jean",8,0.0,no_cot_rounds1,eight,0.8999999999999999,0.8999999999999999,8,0.0,8,0.0,8,0.0,eight,0.8999999999999999,8,0.0,8,0.0,8,0.0,8,0.0
381,137294<->HRRChNRZfHh9JRVSVaZvt7,What is the man using?,object_what,a man cooking food in a grill in a field.,"glove,machine,oven",grill,0.3,answer_first_locked_no_caption,oven,1.0,0.7,grill,0.3,oven,1.0,grill,0.3,grill,0.3,oven,1.0,grill,0.3,grill,0.3,grill,0.3
393,433774<->JJPVhVK8EvZNsddZMETh6v,When does meter enforcement have their days off?,other,a parking meter sitting on the side of a road.,"parking meter,meter,sign",sunday,0.0,reviewer_caption_only,saturday sunday,0.8999999999999999,0.8999999999999999,sunday,0.0,Saturday,0.0,sunday,0.0,saturday,0.0,sunday,0.0,sunday,0.0,SUN,0.0,saturday sunday,0.8999999999999999
400,129756<->JTUjHvTpxRzo2TtJWiCzUy,What might the lying dogs likely have to do in a bit?,object_what,a man with a stick and two dogs herding sheep.,"dog,sheep,man",herd,0.6,answer_first_locked_no_caption,herd sheep,1.0,0.4,herd,0.6,herd sheep,1.0,herd,0.6,herd,0.6,herd,0.6,herd,0.6,herd,0.6,herd,0.6
409,399205<->JzruB6ybwPgmhZ5euNweVS,What type of phones are being used?,category_type,a group of men standing around each other on a sidewalk.,"hand,sunglasses,cap",cell phone,0.0,r3_no_caption,cell,0.6,0.6,cell phone,0.0,cell phone,0.0,cell phone,0.0,cell phone,0.0,cell,0.6,cell phone,0.0,cell phone,0.0,cell phone,0.0
425,327601<->KYHbG5z9mj4H4dAJbzLuQ4,What is the woman wearing?,action_state,a woman sitting on a chair in a room.,"dress,bracelet,leg",blue dress,0.3,review_empty_context,dress,1.0,0.7,blue dress,0.3,blue dress,0.3,dress,1.0,blue dress,0.3,dress,1.0,blue dress,0.3,dress,1.0,blue dress,0.3
433,126226<->KtndapoEif4gqUGbYMKim6,What sports equipment is on the ground?,object_what,a group of baseball players sitting in a dugout.,"glove,hat,cap",baseball gloves and caps,0.0,answer_first_locked_no_caption,gloves,0.6,0.6,baseball gloves and caps,0.0,gloves,0.6,baseball gloves,0.3,baseballs,0.0,baseball gloves,0.3,baseball gloves and caps,0.0,gloves and caps,0.0,baseball gloves,0.3
435,189752<->KxDzK3TmVjHrd7PVRGf6AP,Why is the man holding the fork?,purpose_reason,a person eating a slice of pizza with a fork and knife.,"pizza,man,person",to eat pizza,0.3,answer_first_locked_no_caption,eating,1.0,0.7,to eat pizza,0.3,eating,1.0,to eat pizza,0.3,eating pizza,0.3,to eat pizza,0.3,to eat pizza,0.3,to eat pizza,0.3,to eat pizza,0.3
438,129054<->LGdv7ZFDA5bxdGaYw5XSLZ,What are the zebra's stripes for?,object_what,a herd of zebras standing in a grassy field.,"zebra,head,grass",uncertain,0.0,answer_first_locked_no_caption,camouflage,1.0,1.0,uncertain,0.0,camouflage,1.0,uncertain,0.0,camouflage,1.0,uncertain,0.0,thermoregulation and deterrence,0.0,uncertain,0.0,camouflage,1.0
441,366884<->LHmjT6smJB8ZerDLp4DJuy,Where is this dog located?,spatial_location,a room with a person sitting at a computer desk.,"dog,bed,floor",floor,0.3,answer_first_locked_no_caption,bed,1.0,0.7,floor,0.3,bed,1.0,floor,0.3,floor,0.3,bed,1.0,floor,0.3,floor,0.3,floor,0.3
445,416991<->LYvkz5jUWHpZYkZ8VhxESf,Why might people sit here?,purpose_reason,a row of umbrellas sitting next to a body of water.,"table,umbrella,water",shade,0.0,answer_first_locked_no_caption,Relax,0.3,0.3,shade,0.0,Relax,0.3,shade,0.0,relax,0.3,relax,0.3,shade,0.0,shade,0.0,to enjoy the water view,0.0
457,292225<->M46zwhVtTDuYcfKTvw5Bsk,What would this fence help to contain?,object_what,two people playing tennis in a fenced in area.,"fence,person,field",ball,0.3,review_empty_context,tennis balls,0.6,0.3,ball,0.3,tennis court,0.3,tennis balls,0.6,tennis balls,0.6,tennis court,0.3,tennis balls,0.6,tennis balls,0.6,tennis balls,0.6
465,496722<->MMgmqJzM4kBYppdQX5f3gL,Which country uses this kind of mail service?,other,a red mail box sitting on the side of a road.,"box,sign,road",uk,0.0,answer_first_locked_no_caption,United Kingdom,0.3,0.3,uk,0.0,United Kingdom,0.3,uk,0.0,United Kingdom,0.3,uk,0.0,uk,0.0,uk,0.0,United Kingdom,0.3
475,263966<->MgwZ9gzpwfp2xz2oGjemMc,What is the round glass object?,object_what,a brown horse standing next to a wooden fence.,"horse,nose,eye",mirror,0.0,answer_first_locked_no_caption,lens,1.0,1.0,mirror,0.0,lens,1.0,mirror,0.0,lens,1.0,mirror,0.0,mirror,0.0,lens,1.0,camera lens,0.6
476,352900<->MiavLRSwBYJp9ooFkFHjv6,This dish is suitable for which group of people?,other,a white plate topped with pasta and broccoli.,"broccoli,pasta,noodle",vegetarian,0.6,answer_first_locked_no_caption,vegetarians,1.0,0.4,vegetarian,0.6,vegetarians,1.0,vegetarians,1.0,vegetarian,0.6,vegetarian,0.6,vegetarian,0.6,vegetarians,1.0,vegetarian,0.6
484,144984<->NFMXerxQWMSQACyqHarJre,How is the device the boy is holding powered?,action_state,a young boy sitting on a couch holding a nintendo wii game controller.,"wire,cord,remote",cord,0.0,answer_first_locked_no_caption,battery,0.8999999999999999,0.8999999999999999,cord,0.0,battery,0.8999999999999999,battery,0.8999999999999999,battery,0.8999999999999999,battery,0.8999999999999999,battery,0.8999999999999999,battery,0.8999999999999999,battery,0.8999999999999999
488,381971<->NQQEM9mH6viipfoP9kMC6v,What are the people on the sidewalk likely to be?,object_what,a horse drawn carriage traveling down a street.,"man,person,jean",passengers,0.0,answer_first_locked_no_caption,tourists,1.0,1.0,passengers,0.0,tourists,1.0,passengers,0.0,tourists,1.0,passengers,0.0,passengers,0.0,passengers,0.0,passersby,0.0
494,23899<->NsLGudV3NNLiYhGjCqbw78,What are the men doing?,action_state,three people are playing a video game together.,"man,woman,controller",playing video game,0.0,r3_no_caption,playing game,0.6,0.6,playing video game,0.0,playing games,0.0,playing video game,0.0,playing video game,0.0,playing game,0.6,playing video game,0.0,playing video game,0.0,playing video game,0.0
496,237118<->NvwixocPuSU8e4uyGqdY9X,This man is likely taking a photo in what type of location?,category_type,a man standing in front of a mirror holding a camera.,"man,camera,head",restroom,0.3,reviewer_caption_only,bathroom,1.0,0.7,restroom,0.3,restroom,0.3,restroom,0.3,restroom,0.3,restroom,0.3,restroom,0.3,restroom,0.3,bathroom,1.0
501,502336<->P6oCrLWLEpt8yyJ6x9AbAd,Which city is this sign in which contains the Heumarkt transit stop?,text_ocr,a woman walking down a street next to a traffic light.,"sign,building,door",berlin,0.0,no_cot_rounds1,canton,0.8999999999999999,0.8999999999999999,berlin,0.0,Berlin,0.0,berlin,0.0,canton,0.8999999999999999,berlin,0.0,berlin,0.0,berlin,0.0,canton,0.8999999999999999
503,229311<->P8dF9URdgyA2NX7Na7Cc2K,What item is found on the counter?,object_what,a kitchen with a sink and a window,"faucet,sink,coffee maker",dish towel,0.0,answer_first_locked_no_caption,towel,0.8999999999999999,0.8999999999999999,dish towel,0.0,towel,0.8999999999999999,towel,0.8999999999999999,sink,0.0,towel,0.8999999999999999,towel,0.8999999999999999,towel,0.8999999999999999,sink,0.0
511,95786<->PPGK4QYUUdYhLhBKKfPCp3,What type of art is this?,category_type,a couple of cups sitting on top of a table.,"vase,cup,design",ceramic,0.0,answer_first_locked_no_caption,pottery,1.0,1.0,ceramic,0.0,pottery,1.0,ceramics,0.0,ceramics,0.0,ceramics,0.0,ceramic,0.0,ceramic,0.0,ceramic,0.0
514,426329<->PSBwpAo47YDwimGuqy75Pm,How many people can likely eat one cake?,count,a table topped with lots of cakes covered in frosting.,"cake,decoration,screen",1,0.0,answer_first_locked_no_caption,one,1.0,1.0,1,0.0,one,1.0,1,0.0,one,1.0,1,0.0,1,0.0,1,0.0,1,0.0
517,455716<->PZuvxsHTeR4DzXQN7DQR59,What is the clear plastic on the front for?,spatial_location,a group of motorcycles parked in the grass.,"windshield,light,headlight",safety,0.0,answer_first_locked_no_caption,windshield,0.8999999999999999,0.8999999999999999,safety,0.0,windshield,0.8999999999999999,safety,0.0,safety,0.0,safety,0.0,safety,0.0,safety,0.0,safety,0.0
533,28993<->QJvRFzyGr6FEDrTqLohf7D,What are the goldish/brown devices called?,object_what,a row of yellow poles sitting in the middle of a sidewalk.,"fire hydrant,pole,cap",fire hydrant,0.0,answer_first_locked_no_caption,fire hydrants,0.6,0.6,fire hydrant,0.0,fire hydrants,0.6,fire hydrant,0.0,fire hydrant,0.0,fire hydrant,0.0,fire hydrant,0.0,fire hydrant,0.0,fire hydrant,0.0
548,261061<->QsW8sBQzRc4Zsxds7WwTJ7,Where is this person playing?,spatial_location,a young girl in a yard with a baseball bat.,"girl,grass,bat",yard,0.0,answer_first_locked_no_caption,backyard,1.0,1.0,yard,0.0,backyard,1.0,yard,0.0,yard,0.0,yard,0.0,yard,0.0,yard,0.0,yard,0.0
553,34873<->RBwzjVcACZNAqMHpPZbv4i,What is the purpose of the slats on the black surface?,purpose_reason,a kitchen with a sink and a counter top,"sink,countertop,cabinet",drain,0.3,answer_first_locked_no_caption,drainage,0.8999999999999999,0.5999999999999999,drain,0.3,drainage,0.8999999999999999,drain,0.3,drain,0.3,drain,0.3,drain,0.3,drain,0.3,drain,0.3
555,33114<->RFLRY32jbKYv8NBsmVtX7x,What is the most likely reason for reflection on the runway?,object_what,a large jetliner taking off from an airport runway.,"light,runway,landing gear",rain,0.0,keep_revise,water,0.8999999999999999,0.8999999999999999,rain,0.0,wet surface,0.0,rain,0.0,wet,0.0,rain,0.0,water,0.8999999999999999,rain,0.0,rain,0.0
563,569825<->RrQ48CMWPTgqsvg2K4P7eR,When actively playing what physical position will this player be in?,action_state,a baseball player standing next to home plate.,"plate,hand,glove",stand,0.0,answer_first_locked_no_caption,crouched,0.6,0.6,stand,0.0,crouched,0.6,stand,0.0,crouch,0.6,stand,0.0,stand,0.0,stand,0.0,standing,0.0
571,144333<->S5T6eMemksb6hVpMnB8hYf,Where is she most likely heading on her bicycle?,spatial_location,a woman riding a bike while looking at her cell phone.,"bicycle,bike,street",work,0.3,r3_no_caption,school,1.0,0.7,work,0.3,home,0.0,work,0.3,work,0.3,school,1.0,work,0.3,work,0.3,work,0.3
584,332318<->SpnBQjkqymWyZ5gEzPTwKu,What type of animal is in the grass?,category_type,a herd of cattle grazing on a lush green hillside.,"cow,grass,trailer",cattle,0.0,answer_first_locked_no_caption,cow,1.0,1.0,cattle,0.0,cow,1.0,cattle,0.0,cattle,0.0,cow,1.0,cattle,0.0,cattle,0.0,cattle,0.0
586,15338<->Su4RjX7NpuDbXwjPMBxq9g,What type of vehicles are coming down the road?,category_type,a yellow bus driving down a street next to a tall building.,"bus,car,van",buses,0.6,no_cot_rounds1,bus,1.0,0.4,buses,0.6,Buses,0.6,buses,0.6,bus,1.0,buses,0.6,bus,1.0,buses,0.6,bus,1.0
588,5600<->Svs8fentMLQ8L3ApAisjeQ,The reddish-brown food in the further bowl is what type of food?,category_type,a couple of bowls of food on a table.,"food,sauce,orange",stew,0.3,no_cot_rounds1,meat,1.0,0.7,stew,0.3,stew,0.3,stew,0.3,meat,1.0,stew,0.3,meat,1.0,dish,0.0,meat,1.0
591,459809<->T4VcxwB778ZJZ8ggDRcct6,What is hiding the bridge?,object_what,a group of people flying kites over the ocean.,"cloud,horizon,land",clouds,0.6,answer_first_locked_no_caption,fog,1.0,0.4,clouds,0.6,fog,1.0,clouds,0.6,clouds,0.6,clouds,0.6,clouds,0.6,clouds,0.6,mist,0.0
596,23230<->TCXSs2iG5qmduZYmRir2cK,What type of water are the geese floating in?,category_type,a group of ducks swimming on top of a lake.,"water,goose,shore",lake,0.6,r3_no_caption,pond,1.0,0.4,lake,0.6,lake,0.6,lake,0.6,lake,0.6,pond,1.0,lake,0.6,lake,0.6,lake,0.6
597,580197<->TP6CLZw55zqvf7ysJUnG2B,What is the most likely explanation for how the people in the back of the room can hear this man?,object_what,a man in a tuxedo standing next to another man in a tuxedo.,"man,mouth,suit",speaking,0.0,r3_no_caption,speakers,0.3,0.3,speaking,0.0,sound transmission,0.0,speaking,0.0,speaking,0.0,speakers,0.3,speaking,0.0,speaking,0.0,uncertain,0.0
598,322959<->TU3Jt6U4vLxsHp26fpMWW8,What type of board is being used?,category_type,a cutting board topped with bread and fruit.,"board,ham,fruit",cutting,0.3,no_cot_rounds1,cutting board,0.8999999999999999,0.5999999999999999,cutting,0.3,wooden,0.0,cutting,0.3,cutting board,0.8999999999999999,wooden,0.0,cutting,0.3,cutting board,0.8999999999999999,cutting board,0.8999999999999999
605,507797<->TnkZofftZctoj8bFNzg2kH,What group of people are on the bus?,object_what,a group of people standing outside of a bus.,"woman,man,purse",seniors,0.6,answer_first_locked_no_caption,elderly,0.8999999999999999,0.29999999999999993,seniors,0.6,elderly,0.8999999999999999,seniors,0.6,elderly,0.8999999999999999,elderly,0.8999999999999999,seniors,0.6,elderly,0.8999999999999999,not enough info,0.0
609,389812<->U5Z3AUf3R9VcDqTFDLGt2c,Where is this man likely from?,spatial_location,a man holding a bunch of bananas in his hands.,"man,face,tree",tropical region,0.0,r3_no_caption,asia,0.6,0.6,tropical region,0.0,Southeast Asia,0.0,tropical region,0.0,tropical region,0.0,asia,0.6,tropical region,0.0,tropical region,0.0,tropical region,0.0
610,98839<->UCbMvJEQ5bXNnFJMtybA48,The screen type is generally used for what?,purpose_reason,a cat sitting on a table watching a television.,"television,screen,logo",tv,0.3,no_cot_rounds1,entertainment,0.6,0.3,tv,0.3,television,0.3,tv,0.3,entertainment,0.6,tv,0.3,tv,0.3,display,0.0,display,0.0
618,522007<->UVVFCjjDrqyaKa34tF54pS,What is the room adjacent to the kitchen?,object_what,a kitchen with a stove and a microwave,"closet,shoe,shelf",hallway,0.0,no_cot_rounds1,closet,1.0,1.0,hallway,0.0,hallway,0.0,hallway,0.0,closet,1.0,hallway,0.0,hallway,0.0,closet,1.0,closet,1.0
619,335954<->UXBfDe6BkYdbApxVPSdmVo,What creamy food frequently would fill up these cups?,object_what,two plastic containers filled with fruit and a knife.,"avocado,strawberry,fruit",smoothie,0.0,review_empty_context,yogurt,1.0,1.0,smoothie,0.0,avocado,0.0,yogurt,1.0,avocado,0.0,salad,0.0,yogurt,1.0,yogurt,1.0,avocado,0.0
620,94944<->UXR5X7hqtMs7BPFyniqscB,What sport do the people have equipment for?,object_what,a man holding a snowboard on top of a snow covered slope.,"snowboard,ski,mountain",skiing,0.0,review_empty_context,snowboarding,1.0,1.0,skiing,0.0,skiing,0.0,snowboarding,1.0,snowboarding,1.0,skiing,0.0,snowboarding,1.0,skiing,0.0,snowboarding,1.0
625,1268<->UdzPZ8vzkJg3Bp2pMQP5f2,What animal is near the water?,spatial_location,a woman taking a picture of a bird on the water.,"swan,man,woman",bird,0.0,answer_first_locked_no_caption,swan,1.0,1.0,bird,0.0,swan,1.0,bird,0.0,bird,0.0,swan,1.0,bird,0.0,bird,0.0,bird,0.0
637,429623<->VF8AXcb7aXEHcTu4ZWtQf6,Where is the pie most likely shown?,spatial_location,a pizza sitting on top of a pan next to a can of soda.,"pizza,table,countertop",pizzeria,0.6,review_empty_context,restaurant,1.0,0.4,pizzeria,0.6,pizzeria,0.6,restaurant,1.0,pizzeria,0.6,restaurant,1.0,pizzeria,0.6,restaurant,1.0,pizzeria,0.6
639,322724<->VJLpcbF24BNNeHBGBKQp8K,Why is the woman wearing goggles?,purpose_reason,a person in a red jacket on skis in the snow.,"goggles,head,helmet",safety,0.0,review_empty_context,protect eyes,1.0,1.0,safety,0.0,protection,0.6,protect eyes,1.0,protection,0.6,skiing,0.0,protection,0.6,safety,0.0,safety,0.0
641,189475<->VKDkZzDN4KTFxGbh2KrgSf,Where did the idea of ketchup originally come from?,spatial_location,a woman and a boy sitting at a table with a plate of food.,"woman,boy,bottle",unknown,0.0,r3_no_caption,china,1.0,1.0,unknown,0.0,unknown,0.0,unknown,0.0,not in image,0.0,china,1.0,unknown,0.0,unknown,0.0,not in image,0.0
642,145020<->VPtWDzT5r9wYAo4xWxHy97,Which Disney mascot is pictured next to the Christmas Tree?,spatial_location,a giant penguin standing next to a christmas tree.,"tree,teddy bear,glove",duck,0.0,answer_first_locked_no_caption,Donald Duck,1.0,1.0,duck,0.0,Donald Duck,1.0,duck,0.0,duck,0.0,duck,0.0,duck,0.0,duck,0.0,donald duck,1.0
651,376322<->VcdLhhv7e9gDP4aHuFPomY,Why is the phone wrapped in a pink enclosure?,purpose_reason,a group of people sitting at a table with food and drinks.,"hand,bread,shirt",for protection,0.0,r3_no_caption,protection,1.0,1.0,for protection,0.0,personal preference,0.0,for protection,0.0,for protection,0.0,protection,1.0,for protection,0.0,for protection,0.0,personal preference,0.0
656,201934<->VgxPdtgxpLKqHGCvaCyHcC,What is the bus parked next to?,spatial_location,a white bus parked on the side of a street.,"fence,sidewalk,car",fence,0.0,answer_first_locked_no_caption,sidewalk,0.8999999999999999,0.8999999999999999,fence,0.0,sidewalk,0.8999999999999999,fence,0.0,fence,0.0,fence,0.0,fence,0.0,sidewalk,0.8999999999999999,sidewalk,0.8999999999999999
657,416534<->VnvcXjkeZTbMsRfQZwQXUF,What activity occurs in this room as result of the objects on the furniture to the left of the partition?,spatial_location,a living room with a chair a table and a tv,"television,shelf,stand",watch tv,0.0,answer_first_locked_no_caption,reading,1.0,1.0,watch tv,0.0,reading,1.0,watch tv,0.0,watch tv,0.0,watch tv,0.0,watch tv,0.0,watch tv,0.0,watch tv,0.0
661,254814<->W3BhSzei6UhVZbxEqQYt5Y,What is the frequent vehicle on this pictured street?,object_what,a large group of people on motor bikes on a street.,"motorcycle,van,car",motorbike,0.0,answer_first_locked_no_caption,scooter,0.3,0.3,motorbike,0.0,scooter,0.3,motorcycle,0.3,motorbike,0.0,motorcycle,0.3,motorcycle,0.3,motorbike,0.0,motorcycle,0.3
665,560880<->W9SuEnjPaJ2SReannrgG2Y,What work is the team of horses doing?,action_state,a black and white photo of a man and two horses.,"man,person,dog",plow,0.0,answer_first_locked_no_caption,plowing,0.8999999999999999,0.8999999999999999,plow,0.0,plowing,0.8999999999999999,plow,0.0,plow,0.0,plow,0.0,plow,0.0,plow,0.0,plow,0.0
666,315450<->W9gwHYkWiZQ9fTUbF6rJUt,This street is located in what country?,spatial_location,a red bus driving down a street next to a blue bus.,"bus,car,road",australia,0.6,answer_first_locked_no_caption,United States,1.0,0.4,australia,0.6,United States,1.0,united states,1.0,united states,1.0,australia,0.6,usa,0.3,united states,1.0,united states,1.0
683,262440<->Wug9d3qD8PXM2ugMWrbNA5,What is coming through the structure at the top of the wall above the tub?,object_what,a bathroom with a white toilet sitting next to a bath tub.,"window,tub,bathtub",light,0.6,r3_no_caption,window,1.0,0.4,light,0.6,light,0.6,light,0.6,light,0.6,window,1.0,light,0.6,light,0.6,light,0.6
686,38829<->XC7LFjtKGWBQRW2FZrXJSn,What kind of beverage is the red sign advertising?,text_ocr,two men riding on a bicycle with a basket on the front of it.,"sign,boy,bicycle",coca-cola,0.0,review_empty_context,coca cola,1.0,1.0,coca-cola,0.0,Coca-Cola,0.0,coca cola,1.0,coca-cola,0.0,coca cola,1.0,coca cola,1.0,coca-cola,0.0,coca-cola,0.0
692,301718<->XMnwGhrkndZXRyKaXNYkAv,What company made the box that is near the far wall?,spatial_location,a man and woman sitting at a table with plates of food.,"box,wall,hand",up,0.0,answer_first_locked_no_caption,usps,1.0,1.0,up,0.0,usps,1.0,up,0.0,unanswerable,0.0,usps,1.0,up,0.0,uncertain,0.0,unanswerable,0.0
699,565563<->XfKzDoDZwVcQqTPF6xzjbs,What is prohibited when driving on the street?,object_what,a sidewalk with a blue mattress on it next to a building.,"sidewalk,car,line",20 zone,0.0,answer_first_locked_no_caption,Speeding,1.0,1.0,20 zone,0.0,Speeding,1.0,20 zone,0.0,20 zone,0.0,speed,0.0,20 zone,0.0,20 zone,0.0,20 zone,0.0
701,115946<->XogitwSQqMuD3ABqp25hgF,What type of parking is available?,category_type,a traffic light hanging over a city street.,"crosswalk,traffic light,road",none,0.0,answer_first_locked_no_caption,street,1.0,1.0,none,0.0,street,1.0,no parking,0.0,none,0.0,none,0.0,no parking,0.0,no parking,0.0,none,0.0
702,453302<->XpWyazzxv9nAYHcqKswwD7,What is the highest item that is located on the refrigerator?,spatial_location,a kitchen with a refrigerator and a microwave,"microwave,bottle,juice",microwave,0.6,answer_first_locked_no_caption,bottle,1.0,0.4,microwave,0.6,bottle,1.0,microwave,0.6,microwave,0.6,bottle,1.0,microwave,0.6,microwave,0.6,microwave,0.6
707,433915<->YRPvUijZr6hbuQgiyVDRqE,What type of picture is on the screen?,category_type,a television screen with a man and a woman on it.,"face,man,screen",tv,0.0,answer_first_locked_no_caption,television,0.6,0.6,tv,0.0,television,0.6,tv,0.0,tv,0.0,tv,0.0,tv,0.0,tv,0.0,tv,0.0
719,341973<->Yw4eyrH9WvXX8SLfnqmPmX,What category does the food fall into that the girls are eating?,action_state,two young women eating doughnuts in a park.,"donut,woman,tree",sweet,0.0,answer_first_locked_no_caption,pastry,0.8999999999999999,0.8999999999999999,sweet,0.0,pastry,0.8999999999999999,sweet,0.0,sweet,0.0,dessert,0.3,sweet,0.0,sweet,0.0,doughnut,0.0
722,282296<->Z5m3QsQ5uikUE6AwWUufzg,The room with the refrigerator in it appears to be a room of what type?,category_type,a small white refrigerator sitting in the middle of a room.,"kitchen,clothes,clothing",living room,0.0,review_empty_context,kitchen,1.0,1.0,living room,0.0,laundry room,0.0,kitchen,1.0,closet,0.8999999999999999,closet,0.8999999999999999,utility room,0.0,closet,0.8999999999999999,kitchen,1.0
723,218091<->Z5xx32ZiWMMosQmfjqKaGC,What kind of room is this?,category_type,a hotel room with a large bed and a desk.,"room,table,lamp",hotel,0.3,no_cot_rounds1,hotel room,1.0,0.7,hotel,0.3,hotel,0.3,hotel,0.3,hotel room,1.0,bedroom,0.3,hotel,0.3,hotel,0.3,hotel room,1.0
725,161925<->ZBZcWNW8gabo3RcNZu7Awj,What are the two people doing?,action_state,a man and a woman standing in front of a pizza oven.,"pizza,woman,girl",pizza,0.0,review_empty_context,making pizza,0.8999999999999999,0.8999999999999999,pizza,0.0,cooking,0.3,making pizza,0.8999999999999999,making pizza,0.8999999999999999,cooking,0.3,making pizza,0.8999999999999999,pizza,0.0,making pizza,0.8999999999999999
733,225670<->ZWw8aaWWifdcZdMU7Pmgcg,The front of the dog is closest to what number on the scale?,count,a dog jumping into the air to catch a frisbee.,"frisbee,head,pool",18,0.0,r3_no_caption,16,0.8999999999999999,0.8999999999999999,18,0.0,17,0.0,17,0.0,17,0.0,16,0.8999999999999999,18,0.0,17,0.0,18,0.0
738,347664<->ZeUzimMiTU6aJb3tFM7ie3,What type of climate is it?,category_type,a herd of cattle walking across a sandy beach.,"sky,cloud,beach",cool,0.0,review_empty_context,coastal,0.3,0.3,cool,0.0,temperate,0.0,coastal,0.3,coastal,0.3,cool,0.0,cool,0.0,cool,0.0,cool,0.0
741,372349<->ZjapTLh575MHGLJLdT5wkE,What is the man with no shirt doing?,action_state,a man and a woman are sitting in the water.,"man,water,face",washing,0.0,r3_no_caption,brushing teeth,1.0,1.0,washing,0.0,washing,0.0,sitting,0.0,washing,0.0,brushing teeth,1.0,washing,0.0,washing,0.0,washing,0.0
744,128476<->Zpnu9g7eUGf6yYwwFN2Hk5,What type of food is for sale here?,category_type,a table topped with lots of cakes covered in frosting.,"cake,food,man",cake,0.6,no_cot_rounds1,cakes,1.0,0.4,cake,0.6,cake,0.6,cake,0.6,cakes,1.0,cake,0.6,cake,0.6,cake,0.6,cakes,1.0
752,117908<->aDVS7CNLi2et7Uf7kEEZeQ,Why is the cat looking inside the fridge?,purpose_reason,a person looking inside of a refrigerator with a cat.,"cat,refrigerator,jar",curious,0.6,no_cot_rounds1,hungry,0.8999999999999999,0.29999999999999993,curious,0.6,Curious,0.6,curious,0.6,hungry,0.8999999999999999,hungry,0.8999999999999999,curious,0.6,hungry,0.8999999999999999,curious,0.6
759,25096<->aXA73vtTRAUJ79PHaVuhF8,What is the skateboard being cut into most likely constructed from?,object_what,a boy is cutting into a chocolate train cake.,"cake,chocolate,boy",chocolate,0.0,r3_no_caption,cake,1.0,1.0,chocolate,0.0,chocolate,0.0,chocolate,0.0,chocolate,0.0,cake,1.0,chocolate,0.0,chocolate,0.0,chocolate,0.0
765,433374<->admjQXJJsLpbcEdRVyvVsf,What has caused the elephants to turn brown?,object_what,a group of elephants playing in the dirt near water.,"elephant,dirt,ground",dirt,0.8999999999999999,answer_first_locked_no_caption,mud,1.0,0.10000000000000009,dirt,0.8999999999999999,mud,1.0,dirt,0.8999999999999999,dirt,0.8999999999999999,mud,1.0,dirt,0.8999999999999999,dirt,0.8999999999999999,dirt,0.8999999999999999
766,66817<->akDNCt5XCGvjw33C3ong5d,What meal is this?,object_what,a plate of food and a drink on a table.,"rice,plate,food",lunch,0.0,answer_first_locked_no_caption,dinner,1.0,1.0,lunch,0.0,dinner,1.0,lunch,0.0,lunch,0.0,lunch,0.0,lunch,0.0,lunch,0.0,lunch,0.0
771,84031<->awiLcr766TJkZENT7kBLBR,What will the ump yell if the player makes contact with the ball?,object_what,a baseball player swinging a bat at a ball,"umpire,catcher,player",ball,0.0,answer_first_locked_no_caption,strike,0.3,0.3,ball,0.0,strike,0.3,ball,0.0,ball,0.0,ball,0.0,ball,0.0,ball,0.0,ball,0.0
772,122217<->axQQHVN8GNWTHu4B4fzqaF,In which position are the people?,other,two people riding skate boards on a city street,"boy,man,skateboard",crouching,0.3,reviewer_caption_only,squatting,0.6,0.3,crouching,0.3,crouching,0.3,bending,0.3,crouching,0.3,crouching,0.3,crouching,0.3,bending,0.3,squatting,0.6
777,221872<->b6tZAg7f28UHbins7nWcpo,In what way were the carrots cooked?,other,"a tray of food with carrots, rice, and meat.","carrot,vegetable,food",roasted,0.6,keep_revise,grilled,1.0,0.4,roasted,0.6,Roasted,0.6,roasted,0.6,roasted,0.6,roasted,0.6,grilled,1.0,grilled,1.0,roasted,0.6
778,279145<->bAZ4e6x3iLpkJMi8joS9mw,The animal has what kind of a tail?,category_type,a blue bench sitting in the middle of a garden.,"cat,tail,hose",white,0.0,answer_first_locked_no_caption,fluffy,1.0,1.0,white,0.0,fluffy,1.0,white,0.0,white,0.0,white,0.0,white,0.0,white,0.0,uncertain,0.0
789,542856<->bcXERNeXxn8CmkodKezv7X,What is on the side of the bus?,object_what,a city bus with posters on the side of it.,"woman,window,door",posters,0.0,answer_first_locked_no_caption,advertisement,1.0,1.0,posters,0.0,advertisement,1.0,posters,0.0,posters,0.0,ad,0.0,posters,0.0,posters,0.0,posters,0.0
790,424551<->bezNeT66zH5bmV9XRsGhcf,What is the man in the blue jacket trying to climb?,object_what,a man riding skis down a snow covered slope.,"ski,snow,mountain",ski slope,0.0,answer_first_locked_no_caption,mountain,1.0,1.0,ski slope,0.0,mountain,1.0,mountain,1.0,mountain,1.0,mountain,1.0,slope,0.0,mountain,1.0,mountain,1.0
795,172083<->bkDub4yWQqeZVboUxpBCAd,What room is pictured here for a rest?,object_what,a close up of a metal object with a mirror in the background.,"sink,faucet,sign",bathroom,0.8999999999999999,reviewer_caption_only,restroom,1.0,0.10000000000000009,bathroom,0.8999999999999999,bathroom,0.8999999999999999,bathroom,0.8999999999999999,bathroom,0.8999999999999999,bathroom,0.8999999999999999,bathroom,0.8999999999999999,bathroom,0.8999999999999999,restroom,1.0
799,296317<->bsEAp6tE9zHfcQ2ZASJYbZ,What is the closest animal's neck most directly useful for?,object_what,a group of giraffes and other animals in a field.,"giraffe,neck,grass",eat,0.3,answer_first_locked_no_caption,eating,0.6,0.3,eat,0.3,eating,0.6,eat,0.3,eating,0.6,eat,0.3,eat,0.3,eat,0.3,eat,0.3
803,376310<->cFQCDdKxosyJPfNAGYAd3o,What are the two silver objects on the left wall used for?,purpose_reason,a bathroom with three sinks and a large mirror.,"dispenser,faucet,sink",dry hands,0.0,answer_first_locked_no_caption,hand dryer,0.6,0.6,dry hands,0.0,hand dryer,0.6,hand dryers,0.0,dry hands,0.0,hand dryers,0.0,hand dryers,0.0,hand dryers,0.0,hand dryers,0.0
806,63602<->cJWo8W7BsstCU73xdVW3zF,What is the device on the right filled with paper used for?,purpose_reason,a laptop computer sitting on top of a desk.,"printer,paper,container",print,0.0,answer_first_locked_no_caption,printing,1.0,1.0,print,0.0,printing,1.0,print,0.0,print,0.0,print,0.0,print,0.0,print,0.0,print,0.0
810,536947<->ccZR5KJLUyDM8CqyvVVWbj,What shape are the support beams that hold up the building?,object_what,a white refrigerator in a garage next to a window.,"pole,post,sidewalk",rectangular,0.0,review_empty_context,rectangle,0.3,0.3,rectangular,0.0,rectangular,0.0,rectangle,0.3,rectangular,0.0,rectangular,0.0,rectangular,0.0,rectangular,0.0,rectangular,0.0
830,233771<->dbC66LJz8ReZjXJJEt7xvW,What flag is on the umbrella?,object_what,a group of people with umbrellas on a street.,"umbrella,woman,person",british,0.3,answer_first_locked_no_caption,Union Jack,0.6,0.3,british,0.3,Union Jack,0.6,union jack,0.6,british flag,0.0,british,0.3,union jack,0.6,british,0.3,union jack,0.6
832,346232<->dgiMniYGqfUmHnVDLJdayu,What style of hat is the man on the left wearing?,spatial_location,a group of people walking down a dirt road.,"cap,man,person",cap,0.0,answer_first_locked_no_caption,baseball cap,1.0,1.0,cap,0.0,baseball cap,1.0,baseball cap,1.0,baseball cap,1.0,baseball cap,1.0,baseball cap,1.0,baseball cap,1.0,cap,0.0
834,119995<->dohJioF4j23dw6b8AgCxqx,What type of stroke is being used?,category_type,a man holding a tennis racquet on a tennis court.,"racket,hand,arm",overhand,0.0,answer_first_locked_no_caption,forehand,0.3,0.3,overhand,0.0,forehand,0.3,overhand,0.0,overhand,0.0,overhand,0.0,overhand,0.0,overhand,0.0,overhand,0.0
843,105455<->e7kbVPy7P3pEp7pBNJNZTU,What religion is represented at the top of the clock tower?,object_what,a clock tower in a town square with buildings in the background.,"clock,clock tower,roof",none,0.0,r3_no_caption,christianity,0.6,0.6,none,0.0,none,0.0,none,0.0,none,0.0,christianity,0.6,none,0.0,none,0.0,none,0.0
844,273132<->e7mX2aASmkZwAXRiHbK6QZ,What is the age of this woman?,object_what,a woman sitting on a bench talking on a cell phone.,"woman,face,head",elderly,0.3,reviewer_caption_only,old,0.8999999999999999,0.5999999999999999,elderly,0.3,elderly,0.3,elderly,0.3,elderly,0.3,elderly,0.3,elderly,0.3,elderly,0.3,old,0.8999999999999999
856,59635<->ec8EjipayMWjJLnwsWsrD3,What type of boards are the people using?,category_type,a black and white photo of a surfer riding a wave.,"surfboard,wetsuit,wave",surfboard,0.3,answer_first_locked_no_caption,surfboards,0.8999999999999999,0.5999999999999999,surfboard,0.3,surfboards,0.8999999999999999,surfboard,0.3,surfboards,0.8999999999999999,surfboard,0.3,surfboard,0.3,surfboard,0.3,surfboard,0.3
861,250282<->eiLeNz2CFKYS7AFZDXrKEM,The children pictured are likely photographed as part of what same group?,other,a black and white photo of a group of children.,"boy,glasses,building",classroom,0.0,review_empty_context,class,0.6,0.6,classroom,0.0,classmates,0.0,class,0.6,class,0.6,class,0.6,class,0.6,class,0.6,class,0.6
866,426203<->es4dTSrFkgs2LEtLByV5Fk,What trick is the skateboarder performing?,object_what,a man on a skateboard doing a trick on a rail.,"man,skateboard,person",grind,0.0,review_empty_context,rail grind,0.6,0.6,grind,0.0,grind,0.0,rail grind,0.6,grind,0.0,grind,0.0,grind,0.0,grind,0.0,rail grind,0.6
874,9400<->fANoeH2ASUFa5ZeVzBYwjF,In addition to working what else does the group seem to be doing at the tables?,action_state,a group of people sitting at a table with laptops.,"laptop,woman,screen",socializing,0.3,no_cot_rounds1,eating,0.8999999999999999,0.5999999999999999,socializing,0.3,socializing,0.3,socializing,0.3,eating,0.8999999999999999,eating,0.8999999999999999,socializing,0.3,socializing,0.3,socializing,0.3
876,425925<->fBq7g59duqhmbqAtjWY5xf,What brand is a competitor of the brand on the billboard?,object_what,a tall clock tower with a clock on each of it's sides.,"billboard,advertisement,van",uncertain,0.0,answer_first_locked_no_caption,Coca-Cola,0.6,0.6,uncertain,0.0,Coca-Cola,0.6,pepsi,0.3,pepsi,0.3,coca cola,0.6,pepsi,0.3,pepsi,0.3,pepsi,0.3
881,87470<->fQykduWza8cpGuwj3CxHtF,What is this type of maintenance of the animal group called?,category_type,a herd of cattle walking down a street.,"cow,tag,ear",herd,0.3,answer_first_locked_no_caption,herding,1.0,0.7,herd,0.3,herding,1.0,herd,0.3,herd,0.3,herd,0.3,herd,0.3,herd,0.3,herd,0.3
889,272566<->feGFfp3nMKyVUYRboCosh9,What goods does this man sell?,object_what,a man sitting next to a pile of fruit and vegetables.,"banana,apple,cauliflower",fruit,0.6,answer_first_locked_no_caption,fruits,1.0,0.4,fruit,0.6,fruits,1.0,fruit,0.6,fruit,0.6,fruit,0.6,fruit,0.6,fruit,0.6,fruit,0.6
903,537153<->gR5qY6Tpgq26YAbGrZAwwJ,Where might this bench be located?,spatial_location,a couple of people sitting on a bench next to the ocean.,"bench,grass,ocean",cliffside,0.0,no_cot_rounds1,beach,0.6,0.6,cliffside,0.0,seaside,0.0,cliffside,0.0,beach,0.6,cliff,0.0,beach,0.6,beach,0.6,ocean side,0.3
912,208423<->gfHjDx5E9L9QMsbgnxSFdm,What is the make of the silver hatchback?,object_what,a group of kites flying over a parking lot.,"car,bridge,mountain",subaru,0.0,r3_no_caption,honda,0.6,0.6,subaru,0.0,unknown,0.0,subaru,0.0,unknown,0.0,honda,0.6,subaru,0.0,hatchback,0.0,subaru,0.0
914,344888<->guwEPSB4oc6X2txXJJsomW,The appearance of the long grass in the foreground indicates what ambient effect?,other,a group of horses standing on top of a grass covered field.,"grass,field,tree",sunlight,0.0,reviewer_caption_only,wind,0.6,0.6,sunlight,0.0,lush,0.3,warm,0.0,sunlight,0.0,sunlight,0.0,warm,0.0,sunlight,0.0,wind,0.6
935,261888<->hgamoABdWM75WAPWU2rCdT,Who is in the most danger from cars?,other,a man riding a bike down a road next to two cows.,"man,cow,bicycle",cows,0.0,answer_first_locked_no_caption,horses,1.0,1.0,cows,0.0,horses,1.0,cows,0.0,cows,0.0,horses,1.0,cows,0.0,cows,0.0,cows,0.0
942,576955<->hxRkeGBLz5CdxgnXSgiiH7,What are the horses feet called?,object_what,a woman riding a horse through a puddle of water.,"hoof,leg,vest",hoof,0.0,answer_first_locked_no_caption,hooves,1.0,1.0,hoof,0.0,hooves,1.0,hoof,0.0,hoof,0.0,hoof,0.0,hoof,0.0,hoof,0.0,hoof,0.0
958,379533<->iriWmuGxQfwS4Uj8UE2ojD,Where are these elephants located?,spatial_location,a zebra grazing in a field with two elephants in the background.,"elephant,field,trunk",background,0.3,answer_first_locked_no_caption,field,0.6,0.3,background,0.3,field,0.6,background,0.3,background,0.3,field,0.6,background,0.3,background,0.3,background,0.3
959,185802<->isR9iC8cxoXvYQYBacRuzc,How ripe is the banana?,other,a banana sitting on top of a wooden chair next to a window.,"banana,sunglasses,tree",ripe,0.0,no_cot_rounds1,very ripe,0.3,0.3,ripe,0.0,ripe,0.0,ripe,0.0,very ripe,0.3,very ripe,0.3,ripe,0.0,ripe,0.0,ripe,0.0
976,42178<->jRxbsCVJxNtUMvsEBfpTaE,What kind of train is in the photo?,category_type,a couple of trains that are on some train tracks,"train,tank,pole",passenger,0.0,answer_first_locked_no_caption,freight,0.6,0.6,passenger,0.0,freight,0.6,passenger,0.0,passenger,0.0,freight,0.6,passenger,0.0,passenger,0.0,passenger,0.0
987,578871<->jtqcU9Q9ToadtKDFM8p7mP,What is the child eating?,action_state,a little girl sitting at a table with a bowl of food.,"rice,plate,girl",fried rice,0.6,review_empty_context,rice,1.0,0.4,fried rice,0.6,fried rice,0.6,rice,1.0,fried rice,0.6,fried rice,0.6,fried rice,0.6,fried rice,0.6,fried rice,0.6
993,127530<->kHb4MjmU3bZTRY5qJSrZe7,What type of shot is the man hitting?,category_type,a man hitting a tennis ball with a racquet.,"ball,tennis racket,wrist",overhand,0.0,answer_first_locked_no_caption,forehand,1.0,1.0,overhand,0.0,forehand,1.0,overhand,0.0,overhand shot,0.0,forehand,1.0,overhand,0.0,overhand,0.0,forehand,1.0
1003,439715<->kqxqUW6zqryU2Cu2oz46fH,What is holding the man's feet?,action_state,a man in a red uniform riding a brown horse.,"saddle,horse,leg",horse,0.0,answer_first_locked_no_caption,stirrup,0.6,0.6,horse,0.0,stirrup,0.6,horse,0.0,horse,0.0,horse,0.0,boot,0.0,horse,0.0,horse,0.0
1005,182441<->kyKhGsfSaSgAxrLEqyWgqq,What is the most diverse seashore bird?,object_what,a man standing on a beach watching a flock of birds.,"bird,wave,beach",pelican,0.3,review_empty_context,seagull,0.6,0.3,pelican,0.3,pelican,0.3,seagull,0.6,seagull,0.6,pelican,0.3,seagull,0.6,seagull,0.6,seagull,0.6
1007,18380<->m2mA48VKETDDYeJKgD5qSx,What kind of gathering does this look like?,category_type,a group of people sitting around a table with food.,"woman,boy,girl",family dinner,0.0,reviewer_caption_only,dinner,0.3,0.3,family dinner,0.0,family dinner,0.0,family dinner,0.0,family dinner,0.0,family dinner,0.0,family dinner,0.0,family dinner,0.0,dinner,0.3
1008,109916<->m4BSqisXuHjv98qLTDT2NE,What has this stove been used for?,purpose_reason,two pans of food sitting on top of a stove.,"pan,pot,food",cook,0.0,answer_first_locked_no_caption,baking,1.0,1.0,cook,0.0,baking,1.0,cook,0.0,cook,0.0,cook,0.0,cook,0.0,cook,0.0,cook,0.0
1012,476787<->m8XZ5DnesmzfsjwMhMsbfe,What ingredient is used first on the pizza?,object_what,a pizza on a cutting board on a kitchen counter.,"bowl,cutting board,jar",dough,0.3,answer_first_locked_no_caption,sauce,1.0,0.7,dough,0.3,sauce,1.0,dough,0.3,dough,0.3,dough,0.3,dough,0.3,dough,0.3,dough,0.3
1014,315187<->mDPZ2AJQQx7b6CASimGgGD,What type of shop is to the right of the silver bus?,spatial_location,a bus driving down a street next to a tall building.,"building,sign,window",drugstore,0.3,answer_first_locked_no_caption,Walgreens,0.6,0.3,drugstore,0.3,Walgreens,0.6,drugstore,0.3,walgreens,0.6,drugstore,0.3,drugstore,0.3,drugstore,0.3,drugstore,0.3
1030,290248<->minwD4A8mxqhLxMHjfniKy,What food is associated with the name on the sign to the far left?,text_ocr,a crowd of people walking down a street next to tall buildings.,"sign,logo,person",dunkin' donuts,0.0,answer_first_locked_no_caption,donut,0.6,0.6,dunkin' donuts,0.0,donut,0.6,dunkin' donuts,0.0,dunkin donuts,0.0,dunkin' donuts,0.0,dunkin' donuts,0.0,dunkin' donuts,0.0,dunkin donuts,0.0
1032,279774<->mo9chSC5Km6Nu3Dg3mwrX6,What famous sports star wore this number jersey?,count,a young boy swinging a baseball bat at a ball.,"shirt,number,batter",uncertain,0.0,no_cot_rounds1,derek jeter,0.3,0.3,uncertain,0.0,none,0.0,uncertain,0.0,derek jeter,0.3,uncertain,0.0,david rogers,0.0,derek jeter,0.3,david rogers,0.0
1037,520009<->n2aTnUjkSkZPZEWK8S6T9Q,If the bus shown wants to to the way they have come what may they do?,other,a city street with a bus and a clock tower in the background.,"bus,sign,pole",uncertain,0.0,keep_revise,stop,0.3,0.3,uncertain,0.0,turn left,0.0,turn left,0.0,turn left,0.0,turn left,0.0,stop,0.3,uncertain,0.0,turn left,0.0
1046,178028<->nVg8yTiMtqm4VmDPRDPhLB,What is the white appliance against the right wall used for?,purpose_reason,"a bathroom with a sink, mirror, and soap dispenser.","dryer,sink,faucet",dry hair,0.3,answer_first_locked_no_caption,drying hair,0.8999999999999999,0.5999999999999999,dry hair,0.3,drying hair,0.8999999999999999,dry hair,0.3,dry hair,0.3,dry hair,0.3,dry hair,0.3,dry hair,0.3,dry hair,0.3
1052,281693<->nidoPGHJpvjJLkJWzxWUng,What kind of plane is this?,category_type,a large jetliner sitting on top of an airport tarmac.,"airplane,logo,name",jetliner,0.0,answer_first_locked_no_caption,commercial,0.6,0.6,jetliner,0.0,commercial,0.6,jetliner,0.0,jetliner,0.0,boeing,0.0,jetliner,0.0,jetliner,0.0,jetliner,0.0
1054,122962<->njzRWp6op4a49j3UtEjEFo,What type of event is happening?,category_type,a group of children sitting around a table eating pizza.,"girl,boy,woman",party,0.3,no_cot_rounds1,pizza party,1.0,0.7,party,0.3,birthday party,0.8999999999999999,party,0.3,pizza party,1.0,birthday party,0.8999999999999999,party,0.3,party,0.3,party,0.3
1056,535156<->nmLBpYK7TqpwcCnkYbL2Tr,What is the elephant doing near the post?,spatial_location,a large elephant standing next to a pole.,"elephant,head,trunk",standing,0.0,answer_first_locked_no_caption,leaning,0.3,0.3,standing,0.0,leaning,0.3,standing,0.0,standing,0.0,leaning,0.3,standing,0.0,standing,0.0,standing,0.0
1058,326970<->nqDVieEVdjDt3CELi7g5Zh,How are the people communicating?,other,a group of people sitting next to each other.,"man,woman,cellphone",cell phone,0.0,answer_first_locked_no_caption,phones,0.6,0.6,cell phone,0.0,phones,0.6,cell phone,0.0,cell phone,0.0,cell phone,0.0,cell phone,0.0,phone,0.6,cell phone,0.0
1066,463849<->o9UdSvT8pgAVAQCkm8XPdz,What body of water is this?,object_what,a river filled with lots of boats next to tall buildings.,"water,boat,reflection",river,0.8999999999999999,answer_first_locked_no_caption,canal,1.0,0.10000000000000009,river,0.8999999999999999,canal,1.0,river,0.8999999999999999,river,0.8999999999999999,river,0.8999999999999999,river,0.8999999999999999,river,0.8999999999999999,river,0.8999999999999999
1079,108026<->NRg96YBDgRbc5zFqdhKCC4,What is the object in the person's hand used for?,purpose_reason,a person is typing on a computer keyboard.,"mouse,keyboard,key",navigate,0.0,answer_first_locked_no_caption,gaming,0.6,0.6,navigate,0.0,gaming,0.6,type,0.0,type,0.0,game,0.0,navigate,0.0,type,0.0,game,0.0
1083,96493<->TCqWeX5SXeeUmMjqkWnbSz,What is the boy holding in his left hand?,spatial_location,a young boy sitting on a couch holding a remote control.,"remote,tshirt,head",remote control,0.8999999999999999,answer_first_locked_no_caption,remote,1.0,0.10000000000000009,remote control,0.8999999999999999,remote,1.0,remote,1.0,remote control,0.8999999999999999,remote,1.0,remote control,0.8999999999999999,remote control,0.8999999999999999,remote,1.0
1086,348881<->Y4KDhiu2MeKojYumTWRevx,What is the object connecting the plane to the tunnel?,object_what,a large white airplane parked at an airport.,"ramp,stair,line",bridge,0.0,answer_first_locked_no_caption,jet bridge,0.8999999999999999,0.8999999999999999,bridge,0.0,jet bridge,0.8999999999999999,bridge,0.0,bridge,0.0,bridge,0.0,bridge,0.0,bridge,0.0,bridge,0.0
1090,478862<->b6kMEJD9bLnsJksyGqZgcR,Which country's flag is on the plane?,other,a man and a child standing in front of a propeller plane.,"flag,airplane,person",usa,0.8999999999999999,answer_first_locked_no_caption,United States,1.0,0.10000000000000009,usa,0.8999999999999999,United States,1.0,usa,0.8999999999999999,usa,0.8999999999999999,usa,0.8999999999999999,usa,0.8999999999999999,usa,0.8999999999999999,usa,0.8999999999999999
1091,554291<->c6Lei76FbsSgEKViCU2Kc5,What is the cat doing?,action_state,a cat is sitting on a table with a blue hat on it.,"cat,leg,floor",moving,0.0,answer_first_locked_no_caption,running,0.3,0.3,moving,0.0,running,0.3,moving,0.0,sitting,0.0,running,0.3,running,0.3,moving,0.0,moving,0.0
1096,166277<->mK6UjDvYm6Wzn75aaaSEdF,What is the possible hazard faced by the animal?,object_what,a cat standing on a table drinking out of a glass.,"cat,glass,water",spill,0.0,r3_no_caption,glass,0.3,0.3,spill,0.0,choking,0.0,spill,0.0,spill,0.0,glass,0.3,slippery,0.0,spill,0.0,spill,0.0
1106,70739<->8a5uCKsjUC9vtK2i7Amh28,What is the name of the lip piercing that the girl in the foreground has?,object_what,a couple of women standing next to each other holding wine glasses.,"mouth,face,eyebrow",lip,0.0,no_cot_rounds1,lip ring,0.3,0.3,lip,0.0,stud,0.0,lip,0.0,lip ring,0.3,labret,0.0,labret,0.0,lip ring,0.3,lip,0.0
1136,481390<->bDqH62XFybrPPhHAUCbPHb,Which team is in white/orange?,other,a group of men playing a game of basketball.,"player,sock,shirt",orange team,0.0,answer_first_locked_no_caption,Knicks,0.6,0.6,orange team,0.0,Knicks,0.6,orange team,0.0,houston rockets,0.0,new york knicks,0.0,orange team,0.0,orange team,0.0,orange team,0.0
1139,578545<->iEWtnFwjAXAqCFXiopTTZs,Why is the lady laying propped up?,purpose_reason,a woman laying in bed reading a book.,"pillow,headboard,wrist",comfort,0.0,reviewer_caption_only,reading,0.3,0.3,comfort,0.0,resting,0.0,comfort,0.0,comfort,0.0,resting,0.0,comfort,0.0,comfort,0.0,reading,0.3
1140,127092<->iGmzkJ63JuV4MwnQo2B6Jb,What must be activated so the parked cars stay in place?,object_what,a sign on a pole on a city street.,"car,fire hydrant,pole",brake,0.0,answer_first_locked_no_caption,brakes,0.3,0.3,brake,0.0,brakes,0.3,brake,0.0,brake,0.0,brake,0.0,brake,0.0,brake,0.0,brake,0.0
1141,479030<->iXG9vTJKiKBbMcgyngPRpH,What mechanism might all different modes of transportation seen here employ to stop?,object_what,a red and white train traveling down train tracks.,"train,car,engine",brake,0.3,answer_first_locked_no_caption,brakes,0.8999999999999999,0.5999999999999999,brake,0.3,brakes,0.8999999999999999,brake,0.3,brake,0.3,brake,0.3,brake,0.3,brake,0.3,brake,0.3
